Comment,Designator,Footprint,LCSC
"Battery_Cell","BT101","Connector_PinHeader_2.54mm:PinHeader_1x02_P2.54mm_Vertical",""
"15p","C101,C102","Capacitor_SMD:C_0402_1005Metric",""
"1u","C103,C104,C109,C110,C113,C116,C117","Capacitor_SMD:C_0402_1005Metric",""
"4.7u","C105,C107","Capacitor_SMD:C_0603_1608Metric",""
"10u","C106,C108","Capacitor_SMD:C_0603_1608Metric",""
"100n","C111,C114","Capacitor_SMD:C_0402_1005Metric",""
"2.2n","C112","Capacitor_SMD:C_0402_1005Metric",""
"22u","C115","Capacitor_SMD:C_0603_1608Metric",""
"LED_RBGA","D101","LED_SMD:LED_LiteOn_LTST-C19HE1WT","C458749"
"LED","D102,D103,D104","LED_SMD:LED_0402_1005Metric","C965790"
"I_{hold}=1A, I_{trip}=2A, R_{1max}=0.27Ω","F101","Fuse:Fuse_0805_2012Metric","C883112"
"MountingHole_Pad","H101,H102,H103","MountingHole:MountingHole_3.2mm_M3_DIN965_Pad",""
"DNP","J101,J102","Connector_PinHeader_2.54mm:PinHeader_1x04_P2.54mm_Vertical",""
"Conn_02x05_Odd_Even","J103","Connector_PinHeader_2.54mm:PinHeader_2x05_P2.54mm_Vertical",""
"Conn_01x02","J104","Connector_PinHeader_2.54mm:PinHeader_1x02_P2.54mm_Vertical",""
"Conn_02x03_Odd_Even","J105","symbols:02x03_Edge_Board_Connector_ER06BGFBK","C5173325"
"2.2uH","L101,L102","Inductor_SMD:L_Taiyo-Yuden_NR-40xx",""
"USB_C_Plug_USB2.0","P101","Connector_USB:USB_C_Receptacle_G-Switch_GT-USB-7010ASV","C2988369"
"AO3401A","Q101,Q102,Q103","Package_TO_SOT_SMD:SOT-23","C347476"
"47k","R1,R2,R105,R106,R116,R117,R119,R120,R122,R123,R124,R125,R126,R127,R130,R132,R138,R139,R140,R141","Resistor_SMD:R_0402_1005Metric",""
"1.27k","R101","Resistor_SMD:R_0402_1005Metric",""
"5.1k","R102","Resistor_SMD:R_0402_1005Metric",""
"1k","R103,R104","Resistor_SMD:R_0402_1005Metric",""
"68k","R107","Resistor_SMD:R_0402_1005Metric",""
"27","R108,R109","Resistor_SMD:R_0402_1005Metric",""
"15k","R110","Resistor_SMD:R_0402_1005Metric",""
"100k","R111","Resistor_SMD:R_0402_1005Metric",""
"120k","R112","Resistor_SMD:R_0402_1005Metric",""
"470","R114,R115,R137","Resistor_SMD:R_0402_1005Metric",""
"2.2k","R118","Resistor_SMD:R_0402_1005Metric",""
"10k","R121","Resistor_SMD:R_0402_1005Metric",""
"220","R128,R129,R131","Resistor_SMD:R_0402_1005Metric",""
"R_Potentiometer","RV101","Connector_PinHeader_2.54mm:PinHeader_1x02_P2.54mm_Vertical",""
"SW_Omron_B3FS","SW101,SW109","Button_Switch_THT:SW_PUSH_6mm","C493038"
"SW_SPDT","SW102,SW110","symbols:MK-12C02-G025_Slide_Switch","C778186"
"SW_Push","SW103,SW104,SW105,SW106,SW107,SW108,SW111,SW112","symbols:ALPSALPINE_SKPMBHE010","C115350"
"SW_Push","SW113,SW114","symbols:Horizontal_Button_TS24CA","C393942"
"3.3v","TP101","TestPoint:TestPoint_THTPad_D1.0mm_Drill0.5mm",""
"1.1v","TP102","TestPoint:TestPoint_THTPad_D1.0mm_Drill0.5mm",""
"BATT","TP103","TestPoint:TestPoint_THTPad_D1.0mm_Drill0.5mm",""
"AUDIO_PWM","TP104","TestPoint:TestPoint_THTPad_D1.0mm_Drill0.5mm",""
"ESP32-3.3v","TP105","TestPoint:TestPoint_THTPad_D1.0mm_Drill0.5mm",""
"LTC4054ES5-4.2","U101","Package_TO_SOT_SMD:TSOT-23-5"," C462648"
"W25Q128JVS","U102","Package_SO:SOIC-8_5.23x5.23mm_P1.27mm","C97521"
"RP2040","U103","Package_DFN_QFN:QFN-56-1EP_7x7mm_P0.4mm_EP4x4mm_ThermalVias","C2040"
"TLV62568DDC","U104,U105","Package_TO_SOT_SMD:SOT-23-6","C2071019"
"4051","U106","Package_SO:SOP-16_3.9x9.9mm_P1.27mm","C2943297"
"PAM8301","U107","Package_TO_SOT_SMD:SOT-23-6","C3001605"
"LM321","U108","Package_TO_SOT_SMD:SOT-23-5","C5252901"
"ESP32-WROVER-E","U109","symbols:ESP32-WROVER-IE","C2973667"
"10k Pot Joystick","U110,U111","symbols:Flat_Analog_Stick",""
"XC6206PxxxMR","U112","Package_TO_SOT_SMD:SOT-23-3","C347376"
"ABM8-272-T3","Y101","Crystal:Crystal_SMD_3225-4Pin_3.2x2.5mm","C70565"
