Comment,Designator,Footprint,LCSC
"10u","C1","Capacitor_SMD:C_0805_2012Metric",""
"1u","C2,C3","Capacitor_SMD:C_0402_1005Metric",""
"15p","C4,C5","Capacitor_SMD:C_0402_1005Metric",""
"LED_RBGA","D101","LED_SMD:LED_LiteOn_LTST-C19HE1WT",""
"USB_B_Micro","J1","Connector_USB:USB_Micro-B_Amphenol_10103594-0001LF_Horizontal",""
"Conn_02x06_Odd_Even","J2","Connector_PinHeader_2.54mm:PinHeader_2x06_P2.54mm_Vertical",""
"1k","R1,R2","Resistor_SMD:R_0402_1005Metric",""
"27","R3,R4","Resistor_SMD:R_0402_1005Metric",""
"150","R5","Resistor_SMD:R_0402_1005Metric",""
"22","R6,R7","Resistor_SMD:R_0402_1005Metric",""
"SW_Omron_B3FS","SW1","Button_Switch_THT:SW_PUSH_6mm",""
"RP2040","U1","Package_DFN_QFN:QFN-56-1EP_7x7mm_P0.4mm_EP4x4mm_ThermalVias",""
"NCP1117-3.3_SOT223","U2","Package_TO_SOT_SMD:SOT-223-3_TabPin2",""
"W25Q128JVS","U3","Package_SO:SOIC-8_5.23x5.23mm_P1.27mm",""
"ABM8-272-T3","Y1","Crystal:Crystal_SMD_3225-4Pin_3.2x2.5mm",""