<?xml version="1.0" encoding="UTF-8"?>
<export version="E">
  <design>
    <source>/home/snp/proj/hardware/rp2040_example/rp2040_example.kicad_sch</source>
    <date>Tue 19 Mar 2024 04:35:39 AM PDT</date>
    <tool>Eeschema 7.0.9-7.0.9~ubuntu22.04.1</tool>
    <sheet number="1" name="/" tstamps="/">
      <title_block>
        <title/>
        <company/>
        <rev/>
        <date/>
        <source>rp2040_example.kicad_sch</source>
        <comment number="1" value=""/>
        <comment number="2" value=""/>
        <comment number="3" value=""/>
        <comment number="4" value=""/>
        <comment number="5" value=""/>
        <comment number="6" value=""/>
        <comment number="7" value=""/>
        <comment number="8" value=""/>
        <comment number="9" value=""/>
      </title_block>
    </sheet>
  </design>
  <components>
    <comp ref="C1">
      <value>10u</value>
      <footprint>Capacitor_SMD:C_0805_2012Metric</footprint>
      <libsource lib="Device" part="C" description="Unpolarized capacitor"/>
      <property name="Sheetname" value=""/>
      <property name="Sheetfile" value="rp2040_example.kicad_sch"/>
      <property name="ki_description" value="Unpolarized capacitor"/>
      <property name="ki_keywords" value="cap capacitor"/>
      <sheetpath names="/" tstamps="/"/>
      <tstamps>08f03e43-f29d-4a40-9a33-a156219cf13e</tstamps>
    </comp>
    <comp ref="C2">
      <value>1u</value>
      <footprint>Capacitor_SMD:C_0402_1005Metric</footprint>
      <libsource lib="Device" part="C" description="Unpolarized capacitor"/>
      <property name="Sheetname" value=""/>
      <property name="Sheetfile" value="rp2040_example.kicad_sch"/>
      <property name="ki_description" value="Unpolarized capacitor"/>
      <property name="ki_keywords" value="cap capacitor"/>
      <sheetpath names="/" tstamps="/"/>
      <tstamps>829b655f-c2d9-4939-a63d-f5d1a676aad5</tstamps>
    </comp>
    <comp ref="C3">
      <value>1u</value>
      <footprint>Capacitor_SMD:C_0402_1005Metric</footprint>
      <libsource lib="Device" part="C" description="Unpolarized capacitor"/>
      <property name="Sheetname" value=""/>
      <property name="Sheetfile" value="rp2040_example.kicad_sch"/>
      <property name="ki_description" value="Unpolarized capacitor"/>
      <property name="ki_keywords" value="cap capacitor"/>
      <sheetpath names="/" tstamps="/"/>
      <tstamps>96d8e63b-7c81-4204-b92f-6aed3ca301c5</tstamps>
    </comp>
    <comp ref="C4">
      <value>15p</value>
      <footprint>Capacitor_SMD:C_0402_1005Metric</footprint>
      <libsource lib="Device" part="C" description="Unpolarized capacitor"/>
      <property name="Sheetname" value=""/>
      <property name="Sheetfile" value="rp2040_example.kicad_sch"/>
      <property name="ki_description" value="Unpolarized capacitor"/>
      <property name="ki_keywords" value="cap capacitor"/>
      <sheetpath names="/" tstamps="/"/>
      <tstamps>aa527c3c-963d-488d-b3b4-e1427f3ad7f6</tstamps>
    </comp>
    <comp ref="C5">
      <value>15p</value>
      <footprint>Capacitor_SMD:C_0402_1005Metric</footprint>
      <libsource lib="Device" part="C" description="Unpolarized capacitor"/>
      <property name="Sheetname" value=""/>
      <property name="Sheetfile" value="rp2040_example.kicad_sch"/>
      <property name="ki_description" value="Unpolarized capacitor"/>
      <property name="ki_keywords" value="cap capacitor"/>
      <sheetpath names="/" tstamps="/"/>
      <tstamps>b6a8b085-2478-4853-bd0c-5605fd918bc5</tstamps>
    </comp>
    <comp ref="D101">
      <value>LED_RBGA</value>
      <footprint>LED_SMD:LED_LiteOn_LTST-C19HE1WT</footprint>
      <libsource lib="Device" part="LED_RBGA" description="RGB LED, red/blue/green/anode"/>
      <property name="Sheetname" value=""/>
      <property name="Sheetfile" value="rp2040_example.kicad_sch"/>
      <property name="ki_description" value="RGB LED, red/blue/green/anode"/>
      <property name="ki_keywords" value="LED RGB diode"/>
      <sheetpath names="/" tstamps="/"/>
      <tstamps>d4ca870c-b063-4264-bbc3-c6ee73619cfb</tstamps>
    </comp>
    <comp ref="J1">
      <value>USB_B_Micro</value>
      <footprint>Connector_USB:USB_Micro-B_Amphenol_10103594-0001LF_Horizontal</footprint>
      <libsource lib="Connector" part="USB_B_Micro" description="USB Micro Type B connector"/>
      <property name="Sheetname" value=""/>
      <property name="Sheetfile" value="rp2040_example.kicad_sch"/>
      <property name="ki_description" value="USB Micro Type B connector"/>
      <property name="ki_keywords" value="connector USB micro"/>
      <sheetpath names="/" tstamps="/"/>
      <tstamps>a3dbb086-1095-4f34-87c2-d5df65ab59f9</tstamps>
    </comp>
    <comp ref="J2">
      <value>Conn_02x06_Odd_Even</value>
      <footprint>Connector_PinHeader_2.54mm:PinHeader_2x06_P2.54mm_Vertical</footprint>
      <libsource lib="Connector_Generic" part="Conn_02x06_Odd_Even" description="Generic connector, double row, 02x06, odd/even pin numbering scheme (row 1 odd numbers, row 2 even numbers), script generated (kicad-library-utils/schlib/autogen/connector/)"/>
      <property name="Sheetname" value=""/>
      <property name="Sheetfile" value="rp2040_example.kicad_sch"/>
      <property name="ki_description" value="Generic connector, double row, 02x06, odd/even pin numbering scheme (row 1 odd numbers, row 2 even numbers), script generated (kicad-library-utils/schlib/autogen/connector/)"/>
      <property name="ki_keywords" value="connector"/>
      <sheetpath names="/" tstamps="/"/>
      <tstamps>a16b48c8-9f59-4d7b-8e1b-eb9b66523157</tstamps>
    </comp>
    <comp ref="R1">
      <value>1k</value>
      <footprint>Resistor_SMD:R_0402_1005Metric</footprint>
      <libsource lib="Device" part="R" description="Resistor"/>
      <property name="Sheetname" value=""/>
      <property name="Sheetfile" value="rp2040_example.kicad_sch"/>
      <property name="ki_description" value="Resistor"/>
      <property name="ki_keywords" value="R res resistor"/>
      <sheetpath names="/" tstamps="/"/>
      <tstamps>e20ebc33-120b-41d4-8ce7-5d4f3634dbd1</tstamps>
    </comp>
    <comp ref="R2">
      <value>1k</value>
      <footprint>Resistor_SMD:R_0402_1005Metric</footprint>
      <libsource lib="Device" part="R" description="Resistor"/>
      <property name="Sheetname" value=""/>
      <property name="Sheetfile" value="rp2040_example.kicad_sch"/>
      <property name="ki_description" value="Resistor"/>
      <property name="ki_keywords" value="R res resistor"/>
      <sheetpath names="/" tstamps="/"/>
      <tstamps>7db64544-a6d0-432e-92c1-b450221e93b3</tstamps>
    </comp>
    <comp ref="R3">
      <value>27</value>
      <footprint>Resistor_SMD:R_0402_1005Metric</footprint>
      <libsource lib="Device" part="R" description="Resistor"/>
      <property name="Sheetname" value=""/>
      <property name="Sheetfile" value="rp2040_example.kicad_sch"/>
      <property name="ki_description" value="Resistor"/>
      <property name="ki_keywords" value="R res resistor"/>
      <sheetpath names="/" tstamps="/"/>
      <tstamps>9ad167aa-a81a-46b8-97b2-79fccf9dbf83</tstamps>
    </comp>
    <comp ref="R4">
      <value>27</value>
      <footprint>Resistor_SMD:R_0402_1005Metric</footprint>
      <libsource lib="Device" part="R" description="Resistor"/>
      <property name="Sheetname" value=""/>
      <property name="Sheetfile" value="rp2040_example.kicad_sch"/>
      <property name="ki_description" value="Resistor"/>
      <property name="ki_keywords" value="R res resistor"/>
      <sheetpath names="/" tstamps="/"/>
      <tstamps>0f006b88-ef88-4a6f-b161-d7d29c0ba555</tstamps>
    </comp>
    <comp ref="R5">
      <value>150</value>
      <footprint>Resistor_SMD:R_0402_1005Metric</footprint>
      <libsource lib="Device" part="R" description="Resistor"/>
      <property name="Sheetname" value=""/>
      <property name="Sheetfile" value="rp2040_example.kicad_sch"/>
      <property name="ki_description" value="Resistor"/>
      <property name="ki_keywords" value="R res resistor"/>
      <sheetpath names="/" tstamps="/"/>
      <tstamps>94499f07-0872-4cae-afdf-01ebfc79ead8</tstamps>
    </comp>
    <comp ref="R6">
      <value>22</value>
      <footprint>Resistor_SMD:R_0402_1005Metric</footprint>
      <libsource lib="Device" part="R" description="Resistor"/>
      <property name="Sheetname" value=""/>
      <property name="Sheetfile" value="rp2040_example.kicad_sch"/>
      <property name="ki_description" value="Resistor"/>
      <property name="ki_keywords" value="R res resistor"/>
      <sheetpath names="/" tstamps="/"/>
      <tstamps>b5d5f18f-3436-4c40-9e6f-435944249782</tstamps>
    </comp>
    <comp ref="R7">
      <value>22</value>
      <footprint>Resistor_SMD:R_0402_1005Metric</footprint>
      <libsource lib="Device" part="R" description="Resistor"/>
      <property name="Sheetname" value=""/>
      <property name="Sheetfile" value="rp2040_example.kicad_sch"/>
      <property name="ki_description" value="Resistor"/>
      <property name="ki_keywords" value="R res resistor"/>
      <sheetpath names="/" tstamps="/"/>
      <tstamps>b1890799-9ac1-4e25-8084-d91650cfb9cf</tstamps>
    </comp>
    <comp ref="SW1">
      <value>SW_Omron_B3FS</value>
      <footprint>Button_Switch_THT:SW_PUSH_6mm</footprint>
      <datasheet>https://omronfs.omron.com/en_US/ecb/products/pdf/en-b3fs.pdf</datasheet>
      <libsource lib="Switch" part="SW_Omron_B3FS" description="Omron B3FS 6x6mm single pole normally-open tactile switch"/>
      <property name="Sheetname" value=""/>
      <property name="Sheetfile" value="rp2040_example.kicad_sch"/>
      <property name="ki_description" value="Omron B3FS 6x6mm single pole normally-open tactile switch"/>
      <property name="ki_keywords" value="switch normally-open pushbutton push-button"/>
      <sheetpath names="/" tstamps="/"/>
      <tstamps>a169460e-5009-4754-a305-0f7a4f8fbf3c</tstamps>
    </comp>
    <comp ref="U1">
      <value>RP2040</value>
      <footprint>Package_DFN_QFN:QFN-56-1EP_7x7mm_P0.4mm_EP4x4mm_ThermalVias</footprint>
      <libsource lib="MCU_RaspberryPi_RP2040" part="RP2040" description=""/>
      <property name="Sheetname" value=""/>
      <property name="Sheetfile" value="rp2040_example.kicad_sch"/>
      <sheetpath names="/" tstamps="/"/>
      <tstamps>d958ec3b-37f3-4724-beb0-e7e4ac0ed8af</tstamps>
    </comp>
    <comp ref="U2">
      <value>NCP1117-3.3_SOT223</value>
      <footprint>Package_TO_SOT_SMD:SOT-223-3_TabPin2</footprint>
      <datasheet>http://www.onsemi.com/pub_link/Collateral/NCP1117-D.PDF</datasheet>
      <libsource lib="Regulator_Linear" part="NCP1117-3.3_SOT223" description="1A Low drop-out regulator, Fixed Output 3.3V, SOT-223"/>
      <property name="Sheetname" value=""/>
      <property name="Sheetfile" value="rp2040_example.kicad_sch"/>
      <property name="ki_description" value="1A Low drop-out regulator, Fixed Output 3.3V, SOT-223"/>
      <property name="ki_keywords" value="REGULATOR LDO 3.3V"/>
      <sheetpath names="/" tstamps="/"/>
      <tstamps>fff3bf1d-6554-4564-8d1c-c1a879ecb25d</tstamps>
    </comp>
    <comp ref="U3">
      <value>W25Q128JVS</value>
      <footprint>Package_SO:SOIC-8_5.23x5.23mm_P1.27mm</footprint>
      <datasheet>http://www.winbond.com/resource-files/w25q128jv_dtr%20revc%2003272018%20plus.pdf</datasheet>
      <libsource lib="Memory_Flash" part="W25Q128JVS" description="128Mb Serial Flash Memory, Standard/Dual/Quad SPI, SOIC-8"/>
      <property name="Sheetname" value=""/>
      <property name="Sheetfile" value="rp2040_example.kicad_sch"/>
      <property name="ki_description" value="128Mb Serial Flash Memory, Standard/Dual/Quad SPI, SOIC-8"/>
      <property name="ki_keywords" value="flash memory SPI QPI DTR"/>
      <sheetpath names="/" tstamps="/"/>
      <tstamps>245309ca-d809-46c0-804e-c30d45acb27c</tstamps>
    </comp>
    <comp ref="Y1">
      <value>ABM8-272-T3</value>
      <footprint>Crystal:Crystal_SMD_3225-4Pin_3.2x2.5mm</footprint>
      <libsource lib="Device" part="Crystal_GND24" description="Four pin crystal, GND on pins 2 and 4"/>
      <property name="Sheetname" value=""/>
      <property name="Sheetfile" value="rp2040_example.kicad_sch"/>
      <property name="ki_description" value="Four pin crystal, GND on pins 2 and 4"/>
      <property name="ki_keywords" value="quartz ceramic resonator oscillator"/>
      <sheetpath names="/" tstamps="/"/>
      <tstamps>b95ac841-6f34-4c42-93e7-e0572cf390c2</tstamps>
    </comp>
  </components>
  <libparts>
    <libpart lib="Connector" part="USB_B_Micro">
      <description>USB Micro Type B connector</description>
      <docs>~</docs>
      <footprints>
        <fp>USB*</fp>
      </footprints>
      <fields>
        <field name="Reference">J</field>
        <field name="Value">USB_B_Micro</field>
        <field name="Datasheet">~</field>
      </fields>
      <pins>
        <pin num="1" name="VBUS" type="power_out"/>
        <pin num="2" name="D-" type="bidirectional"/>
        <pin num="3" name="D+" type="bidirectional"/>
        <pin num="4" name="ID" type="passive"/>
        <pin num="5" name="GND" type="power_out"/>
        <pin num="6" name="Shield" type="passive"/>
      </pins>
    </libpart>
    <libpart lib="Connector_Generic" part="Conn_02x06_Odd_Even">
      <description>Generic connector, double row, 02x06, odd/even pin numbering scheme (row 1 odd numbers, row 2 even numbers), script generated (kicad-library-utils/schlib/autogen/connector/)</description>
      <docs>~</docs>
      <footprints>
        <fp>Connector*:*_2x??_*</fp>
      </footprints>
      <fields>
        <field name="Reference">J</field>
        <field name="Value">Conn_02x06_Odd_Even</field>
        <field name="Datasheet">~</field>
      </fields>
      <pins>
        <pin num="1" name="Pin_1" type="passive"/>
        <pin num="2" name="Pin_2" type="passive"/>
        <pin num="3" name="Pin_3" type="passive"/>
        <pin num="4" name="Pin_4" type="passive"/>
        <pin num="5" name="Pin_5" type="passive"/>
        <pin num="6" name="Pin_6" type="passive"/>
        <pin num="7" name="Pin_7" type="passive"/>
        <pin num="8" name="Pin_8" type="passive"/>
        <pin num="9" name="Pin_9" type="passive"/>
        <pin num="10" name="Pin_10" type="passive"/>
        <pin num="11" name="Pin_11" type="passive"/>
        <pin num="12" name="Pin_12" type="passive"/>
      </pins>
    </libpart>
    <libpart lib="Device" part="C">
      <description>Unpolarized capacitor</description>
      <docs>~</docs>
      <footprints>
        <fp>C_*</fp>
      </footprints>
      <fields>
        <field name="Reference">C</field>
        <field name="Value">C</field>
        <field name="Datasheet">~</field>
      </fields>
      <pins>
        <pin num="1" name="" type="passive"/>
        <pin num="2" name="" type="passive"/>
      </pins>
    </libpart>
    <libpart lib="Device" part="Crystal_GND24">
      <description>Four pin crystal, GND on pins 2 and 4</description>
      <docs>~</docs>
      <footprints>
        <fp>Crystal*</fp>
      </footprints>
      <fields>
        <field name="Reference">Y</field>
        <field name="Value">Crystal_GND24</field>
        <field name="Datasheet">~</field>
      </fields>
      <pins>
        <pin num="1" name="1" type="passive"/>
        <pin num="2" name="2" type="passive"/>
        <pin num="3" name="3" type="passive"/>
        <pin num="4" name="4" type="passive"/>
      </pins>
    </libpart>
    <libpart lib="Device" part="LED_RBGA">
      <description>RGB LED, red/blue/green/anode</description>
      <docs>~</docs>
      <footprints>
        <fp>LED*</fp>
        <fp>LED_SMD:*</fp>
        <fp>LED_THT:*</fp>
      </footprints>
      <fields>
        <field name="Reference">D</field>
        <field name="Value">LED_RBGA</field>
        <field name="Datasheet">~</field>
      </fields>
      <pins>
        <pin num="1" name="RK" type="passive"/>
        <pin num="2" name="BK" type="passive"/>
        <pin num="3" name="GK" type="passive"/>
        <pin num="4" name="A" type="passive"/>
      </pins>
    </libpart>
    <libpart lib="Device" part="R">
      <description>Resistor</description>
      <docs>~</docs>
      <footprints>
        <fp>R_*</fp>
      </footprints>
      <fields>
        <field name="Reference">R</field>
        <field name="Value">R</field>
        <field name="Datasheet">~</field>
      </fields>
      <pins>
        <pin num="1" name="" type="passive"/>
        <pin num="2" name="" type="passive"/>
      </pins>
    </libpart>
    <libpart lib="MCU_RaspberryPi_RP2040" part="RP2040">
      <fields>
        <field name="Reference">U</field>
        <field name="Value">RP2040</field>
        <field name="Footprint">RP2040_minimal:RP2040-QFN-56</field>
      </fields>
      <pins>
        <pin num="1" name="IOVDD" type="power_in"/>
        <pin num="2" name="GPIO0" type="bidirectional"/>
        <pin num="3" name="GPIO1" type="bidirectional"/>
        <pin num="4" name="GPIO2" type="bidirectional"/>
        <pin num="5" name="GPIO3" type="bidirectional"/>
        <pin num="6" name="GPIO4" type="bidirectional"/>
        <pin num="7" name="GPIO5" type="bidirectional"/>
        <pin num="8" name="GPIO6" type="bidirectional"/>
        <pin num="9" name="GPIO7" type="bidirectional"/>
        <pin num="10" name="IOVDD" type="power_in"/>
        <pin num="11" name="GPIO8" type="bidirectional"/>
        <pin num="12" name="GPIO9" type="bidirectional"/>
        <pin num="13" name="GPIO10" type="bidirectional"/>
        <pin num="14" name="GPIO11" type="bidirectional"/>
        <pin num="15" name="GPIO12" type="bidirectional"/>
        <pin num="16" name="GPIO13" type="bidirectional"/>
        <pin num="17" name="GPIO14" type="bidirectional"/>
        <pin num="18" name="GPIO15" type="bidirectional"/>
        <pin num="19" name="TESTEN" type="passive"/>
        <pin num="20" name="XIN" type="input"/>
        <pin num="21" name="XOUT" type="passive"/>
        <pin num="22" name="IOVDD" type="power_in"/>
        <pin num="23" name="DVDD" type="power_in"/>
        <pin num="24" name="SWCLK" type="output"/>
        <pin num="25" name="SWD" type="bidirectional"/>
        <pin num="26" name="RUN" type="input"/>
        <pin num="27" name="GPIO16" type="bidirectional"/>
        <pin num="28" name="GPIO17" type="bidirectional"/>
        <pin num="29" name="GPIO18" type="bidirectional"/>
        <pin num="30" name="GPIO19" type="bidirectional"/>
        <pin num="31" name="GPIO20" type="bidirectional"/>
        <pin num="32" name="GPIO21" type="bidirectional"/>
        <pin num="33" name="IOVDD" type="power_in"/>
        <pin num="34" name="GPIO22" type="bidirectional"/>
        <pin num="35" name="GPIO23" type="bidirectional"/>
        <pin num="36" name="GPIO24" type="bidirectional"/>
        <pin num="37" name="GPIO25" type="bidirectional"/>
        <pin num="38" name="GPIO26_ADC0" type="bidirectional"/>
        <pin num="39" name="GPIO27_ADC1" type="bidirectional"/>
        <pin num="40" name="GPIO28_ADC2" type="bidirectional"/>
        <pin num="41" name="GPIO29_ADC3" type="bidirectional"/>
        <pin num="42" name="IOVDD" type="power_in"/>
        <pin num="43" name="ADC_AVDD" type="power_in"/>
        <pin num="44" name="VREG_IN" type="power_in"/>
        <pin num="45" name="VREG_VOUT" type="power_out"/>
        <pin num="46" name="USB_DM" type="bidirectional"/>
        <pin num="47" name="USB_DP" type="bidirectional"/>
        <pin num="48" name="USB_VDD" type="power_in"/>
        <pin num="49" name="IOVDD" type="power_in"/>
        <pin num="50" name="DVDD" type="power_in"/>
        <pin num="51" name="QSPI_SD3" type="bidirectional"/>
        <pin num="52" name="QSPI_SCLK" type="output"/>
        <pin num="53" name="QSPI_SD0" type="bidirectional"/>
        <pin num="54" name="QSPI_SD2" type="bidirectional"/>
        <pin num="55" name="QSPI_SD1" type="bidirectional"/>
        <pin num="56" name="QSPI_SS" type="bidirectional"/>
        <pin num="57" name="GND" type="power_in"/>
      </pins>
    </libpart>
    <libpart lib="Memory_Flash" part="W25Q128JVS">
      <description>128Mb Serial Flash Memory, Standard/Dual/Quad SPI, SOIC-8</description>
      <docs>http://www.winbond.com/resource-files/w25q128jv_dtr%20revc%2003272018%20plus.pdf</docs>
      <footprints>
        <fp>SOIC*5.23x5.23mm*P1.27mm*</fp>
      </footprints>
      <fields>
        <field name="Reference">U</field>
        <field name="Value">W25Q128JVS</field>
        <field name="Footprint">Package_SO:SOIC-8_5.23x5.23mm_P1.27mm</field>
        <field name="Datasheet">http://www.winbond.com/resource-files/w25q128jv_dtr%20revc%2003272018%20plus.pdf</field>
      </fields>
      <pins>
        <pin num="1" name="~{CS}" type="input"/>
        <pin num="2" name="DO(IO1)" type="bidirectional"/>
        <pin num="3" name="IO2" type="bidirectional"/>
        <pin num="4" name="GND" type="power_in"/>
        <pin num="5" name="DI(IO0)" type="bidirectional"/>
        <pin num="6" name="CLK" type="input"/>
        <pin num="7" name="IO3" type="bidirectional"/>
        <pin num="8" name="VCC" type="power_in"/>
      </pins>
    </libpart>
    <libpart lib="Regulator_Linear" part="NCP1117-3.3_SOT223">
      <description>1A Low drop-out regulator, Fixed Output 3.3V, SOT-223</description>
      <docs>http://www.onsemi.com/pub_link/Collateral/NCP1117-D.PDF</docs>
      <footprints>
        <fp>SOT?223*TabPin2*</fp>
      </footprints>
      <fields>
        <field name="Reference">U</field>
        <field name="Value">NCP1117-3.3_SOT223</field>
        <field name="Footprint">Package_TO_SOT_SMD:SOT-223-3_TabPin2</field>
        <field name="Datasheet">http://www.onsemi.com/pub_link/Collateral/NCP1117-D.PDF</field>
      </fields>
      <pins>
        <pin num="1" name="GND" type="power_in"/>
        <pin num="2" name="VO" type="power_out"/>
        <pin num="3" name="VI" type="power_in"/>
      </pins>
    </libpart>
    <libpart lib="Switch" part="SW_Omron_B3FS">
      <description>Omron B3FS 6x6mm single pole normally-open tactile switch</description>
      <docs>https://omronfs.omron.com/en_US/ecb/products/pdf/en-b3fs.pdf</docs>
      <footprints>
        <fp>SW*Omron*B3FS*</fp>
      </footprints>
      <fields>
        <field name="Reference">SW</field>
        <field name="Value">SW_Omron_B3FS</field>
        <field name="Datasheet">https://omronfs.omron.com/en_US/ecb/products/pdf/en-b3fs.pdf</field>
      </fields>
      <pins>
        <pin num="1" name="1" type="passive"/>
        <pin num="2" name="2" type="passive"/>
      </pins>
    </libpart>
  </libparts>
  <libraries>
    <library logical="Connector">
      <uri>/usr/share/kicad/symbols//Connector.kicad_sym</uri>
    </library>
    <library logical="Connector_Generic">
      <uri>/usr/share/kicad/symbols//Connector_Generic.kicad_sym</uri>
    </library>
    <library logical="Device">
      <uri>/usr/share/kicad/symbols//Device.kicad_sym</uri>
    </library>
    <library logical="Memory_Flash">
      <uri>/usr/share/kicad/symbols//Memory_Flash.kicad_sym</uri>
    </library>
    <library logical="Regulator_Linear">
      <uri>/usr/share/kicad/symbols//Regulator_Linear.kicad_sym</uri>
    </library>
    <library logical="Switch">
      <uri>/usr/share/kicad/symbols//Switch.kicad_sym</uri>
    </library>
  </libraries>
  <nets>
    <net code="1" name="+1V1">
      <node ref="C2" pin="1" pintype="passive"/>
      <node ref="U1" pin="23" pinfunction="DVDD" pintype="power_in"/>
      <node ref="U1" pin="45" pinfunction="VREG_VOUT" pintype="power_out"/>
      <node ref="U1" pin="50" pinfunction="DVDD" pintype="power_in"/>
    </net>
    <net code="2" name="+3V3">
      <node ref="C1" pin="1" pintype="passive"/>
      <node ref="C3" pin="1" pintype="passive"/>
      <node ref="D101" pin="4" pinfunction="A" pintype="passive"/>
      <node ref="J2" pin="11" pinfunction="Pin_11" pintype="passive"/>
      <node ref="J2" pin="12" pinfunction="Pin_12" pintype="passive"/>
      <node ref="U1" pin="1" pinfunction="IOVDD" pintype="power_in"/>
      <node ref="U1" pin="10" pinfunction="IOVDD" pintype="power_in"/>
      <node ref="U1" pin="22" pinfunction="IOVDD" pintype="power_in"/>
      <node ref="U1" pin="33" pinfunction="IOVDD" pintype="power_in"/>
      <node ref="U1" pin="42" pinfunction="IOVDD" pintype="power_in"/>
      <node ref="U1" pin="43" pinfunction="ADC_AVDD" pintype="power_in"/>
      <node ref="U1" pin="44" pinfunction="VREG_IN" pintype="power_in"/>
      <node ref="U1" pin="48" pinfunction="USB_VDD" pintype="power_in"/>
      <node ref="U1" pin="49" pinfunction="IOVDD" pintype="power_in"/>
      <node ref="U2" pin="2" pinfunction="VO" pintype="power_out"/>
      <node ref="U3" pin="8" pinfunction="VCC" pintype="power_in"/>
    </net>
    <net code="3" name="/GPIO0">
      <node ref="J2" pin="2" pinfunction="Pin_2" pintype="passive"/>
      <node ref="U1" pin="2" pinfunction="GPIO0" pintype="bidirectional"/>
    </net>
    <net code="4" name="/GPIO1">
      <node ref="J2" pin="4" pinfunction="Pin_4" pintype="passive"/>
      <node ref="U1" pin="3" pinfunction="GPIO1" pintype="bidirectional"/>
    </net>
    <net code="5" name="/GPIO2">
      <node ref="J2" pin="6" pinfunction="Pin_6" pintype="passive"/>
      <node ref="U1" pin="4" pinfunction="GPIO2" pintype="bidirectional"/>
    </net>
    <net code="6" name="/GPIO3">
      <node ref="J2" pin="8" pinfunction="Pin_8" pintype="passive"/>
      <node ref="U1" pin="5" pinfunction="GPIO3" pintype="bidirectional"/>
    </net>
    <net code="7" name="/GPIO4">
      <node ref="J2" pin="1" pinfunction="Pin_1" pintype="passive"/>
      <node ref="U1" pin="6" pinfunction="GPIO4" pintype="bidirectional"/>
    </net>
    <net code="8" name="/GPIO5">
      <node ref="J2" pin="3" pinfunction="Pin_3" pintype="passive"/>
      <node ref="U1" pin="7" pinfunction="GPIO5" pintype="bidirectional"/>
    </net>
    <net code="9" name="/GPIO6">
      <node ref="J2" pin="5" pinfunction="Pin_5" pintype="passive"/>
      <node ref="U1" pin="8" pinfunction="GPIO6" pintype="bidirectional"/>
    </net>
    <net code="10" name="/GPIO7">
      <node ref="J2" pin="7" pinfunction="Pin_7" pintype="passive"/>
      <node ref="U1" pin="9" pinfunction="GPIO7" pintype="bidirectional"/>
    </net>
    <net code="11" name="/GPIO8">
      <node ref="R5" pin="1" pintype="passive"/>
      <node ref="U1" pin="11" pinfunction="GPIO8" pintype="bidirectional"/>
    </net>
    <net code="12" name="/GPIO9">
      <node ref="R6" pin="1" pintype="passive"/>
      <node ref="U1" pin="12" pinfunction="GPIO9" pintype="bidirectional"/>
    </net>
    <net code="13" name="/GPIO10">
      <node ref="R7" pin="1" pintype="passive"/>
      <node ref="U1" pin="13" pinfunction="GPIO10" pintype="bidirectional"/>
    </net>
    <net code="14" name="/GPIO11">
      <node ref="U1" pin="14" pinfunction="GPIO11" pintype="bidirectional"/>
    </net>
    <net code="15" name="/GPIO12">
      <node ref="U1" pin="15" pinfunction="GPIO12" pintype="bidirectional"/>
    </net>
    <net code="16" name="/GPIO13">
      <node ref="U1" pin="16" pinfunction="GPIO13" pintype="bidirectional"/>
    </net>
    <net code="17" name="/GPIO14">
      <node ref="U1" pin="17" pinfunction="GPIO14" pintype="bidirectional"/>
    </net>
    <net code="18" name="/GPIO15">
      <node ref="U1" pin="18" pinfunction="GPIO15" pintype="bidirectional"/>
    </net>
    <net code="19" name="/GPIO16">
      <node ref="U1" pin="27" pinfunction="GPIO16" pintype="bidirectional"/>
    </net>
    <net code="20" name="/GPIO17">
      <node ref="U1" pin="28" pinfunction="GPIO17" pintype="bidirectional"/>
    </net>
    <net code="21" name="/GPIO18">
      <node ref="U1" pin="29" pinfunction="GPIO18" pintype="bidirectional"/>
    </net>
    <net code="22" name="/GPIO19">
      <node ref="U1" pin="30" pinfunction="GPIO19" pintype="bidirectional"/>
    </net>
    <net code="23" name="/GPIO20">
      <node ref="U1" pin="31" pinfunction="GPIO20" pintype="bidirectional"/>
    </net>
    <net code="24" name="/GPIO21">
      <node ref="U1" pin="32" pinfunction="GPIO21" pintype="bidirectional"/>
    </net>
    <net code="25" name="/GPIO22">
      <node ref="U1" pin="34" pinfunction="GPIO22" pintype="bidirectional"/>
    </net>
    <net code="26" name="/GPIO23">
      <node ref="U1" pin="35" pinfunction="GPIO23" pintype="bidirectional"/>
    </net>
    <net code="27" name="/GPIO24">
      <node ref="U1" pin="36" pinfunction="GPIO24" pintype="bidirectional"/>
    </net>
    <net code="28" name="/GPIO25">
      <node ref="U1" pin="37" pinfunction="GPIO25" pintype="bidirectional"/>
    </net>
    <net code="29" name="/GPIO26_ADC0">
      <node ref="U1" pin="38" pinfunction="GPIO26_ADC0" pintype="bidirectional"/>
    </net>
    <net code="30" name="/GPIO27_ADC1">
      <node ref="U1" pin="39" pinfunction="GPIO27_ADC1" pintype="bidirectional"/>
    </net>
    <net code="31" name="/GPIO28_ADC2">
      <node ref="U1" pin="40" pinfunction="GPIO28_ADC2" pintype="bidirectional"/>
    </net>
    <net code="32" name="/GPIO29_ADC3">
      <node ref="U1" pin="41" pinfunction="GPIO29_ADC3" pintype="bidirectional"/>
    </net>
    <net code="33" name="/QSPI_SCLK">
      <node ref="U1" pin="52" pinfunction="QSPI_SCLK" pintype="output"/>
      <node ref="U3" pin="6" pinfunction="CLK" pintype="input"/>
    </net>
    <net code="34" name="/QSPI_SD0">
      <node ref="U1" pin="53" pinfunction="QSPI_SD0" pintype="bidirectional"/>
      <node ref="U3" pin="5" pinfunction="DI(IO0)" pintype="bidirectional"/>
    </net>
    <net code="35" name="/QSPI_SD1">
      <node ref="U1" pin="55" pinfunction="QSPI_SD1" pintype="bidirectional"/>
      <node ref="U3" pin="2" pinfunction="DO(IO1)" pintype="bidirectional"/>
    </net>
    <net code="36" name="/QSPI_SD2">
      <node ref="U1" pin="54" pinfunction="QSPI_SD2" pintype="bidirectional"/>
      <node ref="U3" pin="3" pinfunction="IO2" pintype="bidirectional"/>
    </net>
    <net code="37" name="/QSPI_SD3">
      <node ref="U1" pin="51" pinfunction="QSPI_SD3" pintype="bidirectional"/>
      <node ref="U3" pin="7" pinfunction="IO3" pintype="bidirectional"/>
    </net>
    <net code="38" name="/QSPI_SS">
      <node ref="R1" pin="1" pintype="passive"/>
      <node ref="U1" pin="56" pinfunction="QSPI_SS" pintype="bidirectional"/>
      <node ref="U3" pin="1" pinfunction="~{CS}" pintype="input"/>
    </net>
    <net code="39" name="/RUN">
      <node ref="U1" pin="26" pinfunction="RUN" pintype="input"/>
    </net>
    <net code="40" name="/SWCLK">
      <node ref="U1" pin="24" pinfunction="SWCLK" pintype="output"/>
    </net>
    <net code="41" name="/SWD">
      <node ref="U1" pin="25" pinfunction="SWD" pintype="bidirectional"/>
    </net>
    <net code="42" name="/USB_D+">
      <node ref="J1" pin="3" pinfunction="D+" pintype="bidirectional"/>
      <node ref="R3" pin="1" pintype="passive"/>
    </net>
    <net code="43" name="/USB_D-">
      <node ref="J1" pin="2" pinfunction="D-" pintype="bidirectional"/>
      <node ref="R4" pin="1" pintype="passive"/>
    </net>
    <net code="44" name="/XIN">
      <node ref="C5" pin="1" pintype="passive"/>
      <node ref="U1" pin="20" pinfunction="XIN" pintype="input"/>
      <node ref="Y1" pin="1" pinfunction="1" pintype="passive"/>
    </net>
    <net code="45" name="/XOUT">
      <node ref="R2" pin="1" pintype="passive"/>
      <node ref="U1" pin="21" pinfunction="XOUT" pintype="passive"/>
    </net>
    <net code="46" name="/~{USB_BOOT}">
      <node ref="R1" pin="2" pintype="passive"/>
      <node ref="SW1" pin="2" pinfunction="2" pintype="passive"/>
    </net>
    <net code="47" name="GND">
      <node ref="C1" pin="2" pintype="passive"/>
      <node ref="C2" pin="2" pintype="passive"/>
      <node ref="C3" pin="2" pintype="passive"/>
      <node ref="C4" pin="2" pintype="passive"/>
      <node ref="C5" pin="2" pintype="passive"/>
      <node ref="J1" pin="5" pinfunction="GND" pintype="power_out"/>
      <node ref="J1" pin="6" pinfunction="Shield" pintype="passive"/>
      <node ref="J2" pin="10" pinfunction="Pin_10" pintype="passive"/>
      <node ref="J2" pin="9" pinfunction="Pin_9" pintype="passive"/>
      <node ref="SW1" pin="1" pinfunction="1" pintype="passive"/>
      <node ref="U1" pin="19" pinfunction="TESTEN" pintype="passive"/>
      <node ref="U1" pin="57" pinfunction="GND" pintype="power_in"/>
      <node ref="U2" pin="1" pinfunction="GND" pintype="power_in"/>
      <node ref="U3" pin="4" pinfunction="GND" pintype="power_in"/>
      <node ref="Y1" pin="2" pinfunction="2" pintype="passive"/>
      <node ref="Y1" pin="4" pinfunction="4" pintype="passive"/>
    </net>
    <net code="48" name="Net-(C4-Pad1)">
      <node ref="C4" pin="1" pintype="passive"/>
      <node ref="R2" pin="2" pintype="passive"/>
      <node ref="Y1" pin="3" pinfunction="3" pintype="passive"/>
    </net>
    <net code="49" name="Net-(D101-BK)">
      <node ref="D101" pin="2" pinfunction="BK" pintype="passive"/>
      <node ref="R7" pin="2" pintype="passive"/>
    </net>
    <net code="50" name="Net-(D101-GK)">
      <node ref="D101" pin="3" pinfunction="GK" pintype="passive"/>
      <node ref="R6" pin="2" pintype="passive"/>
    </net>
    <net code="51" name="Net-(D101-RK)">
      <node ref="D101" pin="1" pinfunction="RK" pintype="passive"/>
      <node ref="R5" pin="2" pintype="passive"/>
    </net>
    <net code="52" name="Net-(U1-USB_DM)">
      <node ref="R4" pin="2" pintype="passive"/>
      <node ref="U1" pin="46" pinfunction="USB_DM" pintype="bidirectional"/>
    </net>
    <net code="53" name="Net-(U1-USB_DP)">
      <node ref="R3" pin="2" pintype="passive"/>
      <node ref="U1" pin="47" pinfunction="USB_DP" pintype="bidirectional"/>
    </net>
    <net code="54" name="VBUS">
      <node ref="J1" pin="1" pinfunction="VBUS" pintype="power_out"/>
      <node ref="U2" pin="3" pinfunction="VI" pintype="power_in"/>
    </net>
    <net code="55" name="unconnected-(J1-ID-Pad4)">
      <node ref="J1" pin="4" pinfunction="ID" pintype="passive+no_connect"/>
    </net>
  </nets>
</export>
