"Designator","Comment","Footprint","LCSC"
"C101,C106,C107,C108,C121,C125,C129","100n","Capacitor_SMD:C_0402_1005Metric","C1525"
"C102,C103,C122,C123,C126,C127,C130,C131","22u","Capacitor_SMD:C_0805_2012Metric","C129303"
"C104,C111,C112,C124,C128,C132","1u","Capacitor_SMD:C_0402_1005Metric","C14445"
"C105,C113,C114,C162,C163,C164,C165","22u","Capacitor_SMD:C_0603_1608Metric","C59461"
"C109,C110","15p","Capacitor_SMD:C_0402_1005Metric","C1548"
"C115,C116,C117,C118,C119,C120,C138,C140,C141,C144,C145,C148,C149,C152,C153,C157","100n","Capacitor_SMD:C_0201_0603Metric","C76939"
"C133,C134,C135,C136,C137,C139,C142,C143,C146,C147,C150,C151,C154,C155,C156,C158,C159,C160,C161","1u","Capacitor_SMD:C_0201_0603Metric","C87143"
"D101,D108","MBRA340","Diode_SMD:D_SMA","C26178"
"D102,D103,D104,D105,D106,D107","LED","LED_SMD:LED_0402_1005Metric","C965790"
"J101","USB_B_Micro","Connector_USB:USB_Micro-B_Amphenol_10103594-0001LF_Horizontal","C428495"
"J102","Conn_02x06_Odd_Even","Connector_PinSocket_2.54mm:PinSocket_2x06_P2.54mm_Vertical",""
"J103","Bus_PCI_Express_x1","Connector_PCBEdge:BUS_PCIexpress_x1",""
"L101,L102,L103,L104,L105,L106","2.2uH","Inductor_SMD:L_Taiyo-Yuden_NR-40xx","C2929416"
"Q101","Q_NMOS_GSD","Package_TO_SOT_SMD:SOT-23","C8548"
"R101","18k","Resistor_SMD:R_0402_1005Metric","C25762"
"R102","82k","Resistor_SMD:R_0402_1005Metric","C4142"
"R103","100","Resistor_SMD:R_0402_1005Metric","C25076"
"R105","12k","Resistor_SMD:R_0402_1005Metric","C25752"
"R106,R128","1k","Resistor_SMD:R_0402_1005Metric","C11702"
"R107,R108,R109,R110,R111,R114","10k","Resistor_SMD:R_0402_1005Metric","C25744"
"R112","2.2k","Resistor_SMD:R_0402_1005Metric","C25879"
"R113,R115","470","Resistor_SMD:R_0402_1005Metric","C25117"
"R116,R117,R118,R119","220","Resistor_SMD:R_0402_1005Metric","C25151"
"R122,R123","4.7k","Resistor_SMD:R_0402_1005Metric","C25900"
"R124","43k","Resistor_SMD:R_0402_1005Metric","C8329"
"R125","56k","Resistor_SMD:R_0402_1005Metric","C25796"
"R126","68k","Resistor_SMD:R_0402_1005Metric","C36871"
"R127","30k","Resistor_SMD:R_0402_1005Metric","C25776"
"R129","150k","Resistor_SMD:R_0402_1005Metric","C25755"
"U101,U108,U109,U110","LMR33630ADDA","Package_SO:Texas_HSOP-8-1EP_3.9x4.9mm_P1.27mm_ThermalVias","C841384"
"U102","XC7A35T-CSG325","Package_BGA:Xilinx_CSG325","C1521749"
"U104","FT2232HL","Package_QFP:LQFP-64_10x10mm_P0.5mm","C27882"
"U105","93CxxC","Package_SO:TSSOP-8_4.4x3mm_P0.65mm","C2061936"
"U106","W25Q128JVS","Package_SO:SOIC-8_5.23x5.23mm_P1.27mm","C97521"
"X101","125MHz","local_fps:Oscillator_SMD_7.0x5.0mm","C4353706"
"Y101","ABM8-272-T3","Crystal:Crystal_SMD_3225-4Pin_3.2x2.5mm","C70565"
